,surface,energy
0,"(1, 1, 1)",0.15024889130344318
1,"(1, 1, 0)",0.1481873817942622
2,"(1, 0, 0)",0.1348824712879492
